,X1,X2,X3,X4,X5,X6,X7,X8,Y1,Y2,,
1,0.64,784,343,220.5,3.5,4,0.25,5,16.76,20.19,,
2,0.69,735,294,220.5,3.5,4,0.25,1,12.73,15.48,,
3,0.74,686,245,220.5,3.5,3,0.25,3,12.03,13.79,,
4,0.66,759.5,318.5,220.5,3.5,2,0.1,2,11.45,14.86,,
5,0.86,588,294,147,7,2,0.1,3,25.41,31.73,,
6,0.71,710.5,269.5,220.5,3.5,2,0.25,2,12.33,14.91,,
7,0.86,588,294,147,7,4,0.1,2,26.33,27.36,,
8,0.98,514.5,294,110.25,7,3,0.25,4,28.55,29.59,,
9,0.62,808.5,367.5,220.5,3.5,4,0.4,1,17.14,17.15,,
10,0.86,588,294,147,7,2,0.1,5,27.03,25.82,,
11,0.86,588,294,147,7,4,0.25,2,29.27,29.9,,
12,0.76,661.5,416.5,122.5,7,2,0.1,4,33.08,34.11,,
13,0.98,514.5,294,110.25,7,3,0.4,4,32.67,33.06,,
14,0.98,514.5,294,110.25,7,2,0.4,3,32.82,32.78,,
15,0.82,612.5,318.5,147,7,3,0.25,2,25.98,26.96,,
16,0.71,710.5,269.5,220.5,3.5,5,0.1,5,13.69,13.89,,
17,0.62,808.5,367.5,220.5,3.5,5,0.4,3,16.74,16,,
18,0.62,808.5,367.5,220.5,3.5,3,0.1,5,12.74,13.97,,
19,0.71,710.5,269.5,220.5,3.5,3,0.25,3,12.28,14.74,,
20,0.76,661.5,416.5,122.5,7,4,0.25,1,36.91,37.45,,
21,0.9,563.5,318.5,122.5,7,3,0.4,4,35.73,39.92,,
22,0.9,563.5,318.5,122.5,7,5,0.25,5,32.46,35.62,,
23,0.98,514.5,294,110.25,7,4,0.25,4,28.15,30.19,,
24,0.98,514.5,294,110.25,7,3,0.4,3,32.69,33.24,,
25,0.79,637,343,147,7,4,0.25,1,39.86,36.85,,
26,0.82,612.5,318.5,147,7,2,0.1,1,23.53,27.31,,
27,0.74,686,245,220.5,3.5,3,0.4,5,14.19,16.62,,
28,0.98,514.5,294,110.25,7,5,0.4,1,32.53,33.04,,
29,0.64,784,343,220.5,3.5,2,0.1,1,15.41,19.37,,
30,0.82,612.5,318.5,147,7,5,0,0,15.98,24.93,,
31,0.9,563.5,318.5,122.5,7,3,0.1,4,28.05,33.91,,
32,0.76,661.5,416.5,122.5,7,2,0,0,24.77,29.79,,
33,0.69,735,294,220.5,3.5,3,0.4,5,14.28,15.87,,
34,0.98,514.5,294,110.25,7,5,0,0,15.55,21.33,,
35,0.66,759.5,318.5,220.5,3.5,5,0.1,5,11.34,14.87,,
36,0.76,661.5,416.5,122.5,7,3,0.4,3,39.84,38.48,,
37,0.71,710.5,269.5,220.5,3.5,4,0.25,4,12.17,15.2,,
38,0.82,612.5,318.5,147,7,5,0.1,5,23.86,27.69,,
39,0.98,514.5,294,110.25,7,4,0.1,1,24.63,26.44,,
40,0.62,808.5,367.5,220.5,3.5,4,0.25,2,14.6,15.14,,
41,0.74,686,245,220.5,3.5,3,0.1,4,10.15,13.36,,
42,0.79,637,343,147,7,2,0.1,4,36.86,34.25,,
43,0.64,784,343,220.5,3.5,5,0.25,2,17.11,20.43,,
44,0.86,588,294,147,7,5,0.1,2,25.36,31.9,,
45,0.79,637,343,147,7,5,0.4,3,42.08,38.23,,
46,0.69,735,294,220.5,3.5,2,0,0,6.85,11.74,,
47,0.66,759.5,318.5,220.5,3.5,3,0.1,5,11.34,14.81,,
48,0.66,759.5,318.5,220.5,3.5,4,0.4,4,15.09,18.36,,
49,0.76,661.5,416.5,122.5,7,5,0.1,1,32.21,33.67,,
50,0.9,563.5,318.5,122.5,7,3,0.25,2,33.27,32.64,,
51,0.82,612.5,318.5,147,7,2,0.4,3,28.67,32.43,,
52,0.76,661.5,416.5,122.5,7,4,0.1,3,32.33,34.48,,
53,0.64,784,343,220.5,3.5,4,0.1,1,15.42,19.34,,
54,0.66,759.5,318.5,220.5,3.5,5,0,0,7.1,12.14,,
55,0.9,563.5,318.5,122.5,7,3,0.25,5,32.31,32,,
56,0.76,661.5,416.5,122.5,7,4,0.25,5,36.06,35.73,,
57,0.62,808.5,367.5,220.5,3.5,4,0.25,1,15.08,15.77,,
58,0.66,759.5,318.5,220.5,3.5,4,0.4,1,15.23,18.14,,
59,0.79,637,343,147,7,3,0.25,2,40.19,37.41,,
60,0.64,784,343,220.5,3.5,4,0.4,2,18.9,22.09,,
61,0.98,514.5,294,110.25,7,2,0.1,4,24.38,25.91,,
62,0.64,784,343,220.5,3.5,4,0.4,1,19.48,22.72,,
63,0.9,563.5,318.5,122.5,7,2,0.4,1,36.47,39.28,,
64,0.79,637,343,147,7,2,0.25,2,38.57,43.86,,
65,0.82,612.5,318.5,147,7,4,0.1,3,24.17,25.35,,
66,0.79,637,343,147,7,2,0.1,2,35.65,41.07,,
67,0.64,784,343,220.5,3.5,3,0.25,5,16.86,20.01,,
68,0.64,784,343,220.5,3.5,5,0.1,5,15.36,19.29,,
69,0.79,637,343,147,7,4,0.4,4,41.32,46.23,,
70,0.74,686,245,220.5,3.5,3,0.1,1,10.43,13.71,,
71,0.66,759.5,318.5,220.5,3.5,2,0.25,2,13.05,15.89,,
72,0.62,808.5,367.5,220.5,3.5,5,0.25,5,13.86,14.75,,
73,0.98,514.5,294,110.25,7,3,0.1,2,24.31,25.63,,
74,0.71,710.5,269.5,220.5,3.5,5,0,0,6.4,11.67,,
75,0.74,686,245,220.5,3.5,4,0.25,1,12.41,15.28,,
76,0.69,735,294,220.5,3.5,2,0.25,5,12.47,15.14,,
77,0.66,759.5,318.5,220.5,3.5,4,0.1,1,11.7,13.88,,
78,0.71,710.5,269.5,220.5,3.5,3,0.4,2,14.66,17.37,,
79,0.86,588,294,147,7,5,0.1,5,26.45,31.28,,
80,0.82,612.5,318.5,147,7,2,0.4,5,30,29.93,,
81,0.82,612.5,318.5,147,7,3,0.25,1,27.27,27.84,,
82,0.64,784,343,220.5,3.5,2,0.25,4,16.99,19.65,,
83,0.66,759.5,318.5,220.5,3.5,5,0.4,1,15.23,17.95,,
84,0.74,686,245,220.5,3.5,5,0.25,2,12.3,15.44,,
85,0.74,686,245,220.5,3.5,2,0.25,5,12.12,14.48,,
86,0.82,612.5,318.5,147,7,5,0.4,4,29.52,28.43,,
87,0.69,735,294,220.5,3.5,3,0.1,5,11.14,14.28,,
88,0.9,563.5,318.5,122.5,7,5,0.1,1,28.09,34.33,,
89,0.86,588,294,147,7,4,0.4,4,32.15,36.21,,
90,0.66,759.5,318.5,220.5,3.5,2,0.25,4,12.95,15.95,,
91,0.74,686,245,220.5,3.5,2,0.25,1,12.43,15.19,,
92,0.9,563.5,318.5,122.5,7,4,0.1,5,28.03,34.45,,
93,0.66,759.5,318.5,220.5,3.5,3,0,0,7.1,12.23,,
94,0.76,661.5,416.5,122.5,7,4,0.4,3,38.89,39.66,,
95,0.74,686,245,220.5,3.5,3,0.25,4,12.3,15.24,,
96,0.98,514.5,294,110.25,7,5,0.4,2,32.72,33.78,,
97,0.64,784,343,220.5,3.5,4,0.4,3,18.48,21.54,,
98,0.62,808.5,367.5,220.5,3.5,4,0.4,3,16.55,16.56,,
99,0.66,759.5,318.5,220.5,3.5,2,0.25,5,12.93,15.83,,
100,0.79,637,343,147,7,2,0.4,4,42.77,38.33,,
101,0.66,759.5,318.5,220.5,3.5,2,0.1,5,11.38,14.54,,
102,0.82,612.5,318.5,147,7,2,0.1,3,22.93,28.68,,
103,0.74,686,245,220.5,3.5,5,0,0,6.04,11.17,,
104,0.82,612.5,318.5,147,7,5,0.25,2,24.94,29.88,,
105,0.9,563.5,318.5,122.5,7,5,0.25,2,31.66,37.72,,
106,0.79,637,343,147,7,2,0.1,3,35.78,43.12,,
107,0.69,735,294,220.5,3.5,3,0.4,2,14.71,17.01,,
108,0.82,612.5,318.5,147,7,3,0.4,3,29.67,30.65,,
109,0.74,686,245,220.5,3.5,3,0.1,2,10.46,13.72,,
110,0.66,759.5,318.5,220.5,3.5,3,0.4,3,15.18,17.63,,
111,0.79,637,343,147,7,3,0.1,5,36.71,34.18,,
112,0.69,735,294,220.5,3.5,5,0.4,5,14.21,16.74,,
113,0.86,588,294,147,7,4,0.4,1,32.09,31.7,,
114,0.69,735,294,220.5,3.5,4,0,0,6.77,11.73,,
115,0.82,612.5,318.5,147,7,5,0.4,3,28.91,29.64,,
116,0.98,514.5,294,110.25,7,4,0.1,5,24.03,25.88,,
117,0.76,661.5,416.5,122.5,7,4,0.1,5,32.46,33.64,,
118,0.66,759.5,318.5,220.5,3.5,5,0.4,5,15.16,18.06,,
119,0.9,563.5,318.5,122.5,7,3,0.4,3,34.95,35.04,,
120,0.9,563.5,318.5,122.5,7,5,0.25,4,33.28,33.16,,
121,0.98,514.5,294,110.25,7,5,0.1,2,24.25,25.89,,
122,0.66,759.5,318.5,220.5,3.5,5,0.4,3,14.9,18.22,,
123,0.82,612.5,318.5,147,7,5,0.25,4,26,27.34,,
124,0.74,686,245,220.5,3.5,3,0,0,6.05,11.19,,
125,0.69,735,294,220.5,3.5,4,0.4,5,14.37,16.54,,
126,0.79,637,343,147,7,5,0,0,28.75,39.44,,
127,0.74,686,245,220.5,3.5,5,0.4,5,14.39,16.7,,
128,0.79,637,343,147,7,4,0.4,3,42.49,38.81,,
129,0.79,637,343,147,7,3,0.4,4,41.73,47.59,,
130,0.98,514.5,294,110.25,7,4,0.1,3,24.11,25.84,,
131,0.69,735,294,220.5,3.5,3,0.4,3,14.56,15.84,,
132,0.69,735,294,220.5,3.5,3,0.1,3,11.16,14.27,,
133,0.66,759.5,318.5,220.5,3.5,4,0.25,3,12.74,16.14,,
134,0.64,784,343,220.5,3.5,3,0.1,5,15.37,19.18,,
135,0.86,588,294,147,7,2,0.1,4,26.44,27.17,,
136,0.86,588,294,147,7,5,0,0,18.31,27.87,,
137,0.86,588,294,147,7,3,0.25,4,28.42,34.19,,
138,0.66,759.5,318.5,220.5,3.5,5,0.1,1,11.69,13.65,,
139,0.74,686,245,220.5,3.5,3,0.1,3,10.34,13.36,,
140,0.74,686,245,220.5,3.5,4,0.4,1,14.5,17.03,,
141,0.76,661.5,416.5,122.5,7,3,0,0,23.93,29.68,,
142,0.71,710.5,269.5,220.5,3.5,3,0.4,1,14.6,17.51,,
143,0.62,808.5,367.5,220.5,3.5,5,0.1,3,12.73,13.89,,
144,0.66,759.5,318.5,220.5,3.5,4,0.25,4,12.86,16.17,,
145,0.71,710.5,269.5,220.5,3.5,5,0.1,1,10.75,14.27,,
146,0.64,784,343,220.5,3.5,3,0.4,1,19.36,22.73,,
147,0.9,563.5,318.5,122.5,7,5,0.25,1,32,37.58,,
148,0.98,514.5,294,110.25,7,4,0,0,15.55,21.33,,
149,0.74,686,245,220.5,3.5,5,0.1,3,10.38,13.49,,
150,0.82,612.5,318.5,147,7,3,0.4,1,29.91,29.13,,
151,0.66,759.5,318.5,220.5,3.5,4,0.25,2,12.77,16.22,,
152,0.71,710.5,269.5,220.5,3.5,3,0.25,2,12.29,15.4,,
153,0.86,588,294,147,7,2,0.25,4,29.47,29.45,,
154,0.66,759.5,318.5,220.5,3.5,4,0.25,5,12.78,15.8,,
155,0.76,661.5,416.5,122.5,7,3,0.25,1,36.13,37.58,,
156,0.86,588,294,147,7,3,0.4,1,32.39,30.66,,
157,0.64,784,343,220.5,3.5,5,0.25,4,16.62,19.9,,
158,0.69,735,294,220.5,3.5,5,0.1,2,11.49,13.51,,
159,0.76,661.5,416.5,122.5,7,4,0.1,1,32.94,34.14,,
160,0.64,784,343,220.5,3.5,4,0.1,2,15.34,19.32,,
161,0.69,735,294,220.5,3.5,4,0.25,2,12.73,15.66,,
162,0.62,808.5,367.5,220.5,3.5,5,0.1,5,12.62,14.15,,
163,0.86,588,294,147,7,3,0.25,5,29.09,29.43,,
164,0.64,784,343,220.5,3.5,2,0.25,3,16.83,19.87,,
165,0.74,686,245,220.5,3.5,3,0.4,2,14.45,16.93,,
166,0.64,784,343,220.5,3.5,4,0.25,1,17.52,21.09,,
167,0.79,637,343,147,7,2,0.4,5,42.11,38.56,,
168,0.66,759.5,318.5,220.5,3.5,3,0.25,2,12.93,15.85,,
169,0.69,735,294,220.5,3.5,4,0.4,1,14.42,16.87,,
170,0.79,637,343,147,7,5,0.25,2,38.98,45.97,,
171,0.69,735,294,220.5,3.5,3,0.4,1,14.7,17,,
172,0.79,637,343,147,7,5,0.25,5,38.65,43.73,,
173,0.62,808.5,367.5,220.5,3.5,5,0.4,1,17.14,17.2,,
174,0.9,563.5,318.5,122.5,7,4,0.1,3,29.62,30.08,,
175,0.74,686,245,220.5,3.5,4,0.25,3,11.98,14.72,,
176,0.69,735,294,220.5,3.5,2,0.1,3,11.22,14.44,,
177,0.86,588,294,147,7,5,0.25,2,28.4,34.52,,
178,0.69,735,294,220.5,3.5,2,0.25,3,12.34,14.92,,
179,0.76,661.5,416.5,122.5,7,4,0.25,4,36.81,37.05,,
180,0.74,686,245,220.5,3.5,5,0.1,2,10.45,13.79,,
181,0.74,686,245,220.5,3.5,5,0.4,2,14.5,17.03,,
182,0.71,710.5,269.5,220.5,3.5,4,0.1,2,10.55,13.8,,
183,0.69,735,294,220.5,3.5,3,0.25,3,12.46,14.38,,
184,0.69,735,294,220.5,3.5,4,0.1,4,11.07,14.42,,
185,0.76,661.5,416.5,122.5,7,4,0.4,2,40.57,40.47,,
186,0.82,612.5,318.5,147,7,2,0.4,4,28.93,28.2,,
187,0.64,784,343,220.5,3.5,2,0.1,2,15.41,19.23,,
188,0.71,710.5,269.5,220.5,3.5,5,0.25,4,12.28,15.64,,
189,0.66,759.5,318.5,220.5,3.5,5,0.25,2,13,15.87,,
190,0.64,784,343,220.5,3.5,2,0.25,1,17.5,21.13,,
191,0.76,661.5,416.5,122.5,7,3,0.4,5,39.72,39.8,,
192,0.86,588,294,147,7,5,0.25,5,29.39,33.47,,
193,0.82,612.5,318.5,147,7,2,0.4,2,28.95,30.34,,
194,0.64,784,343,220.5,3.5,5,0.1,2,15.19,19.3,,
195,0.82,612.5,318.5,147,7,2,0.25,5,25.7,26.53,,
196,0.74,686,245,220.5,3.5,4,0.4,2,14.18,16.99,,
197,0.98,514.5,294,110.25,7,5,0.4,5,32.73,34.01,,
198,0.62,808.5,367.5,220.5,3.5,4,0.4,5,16.48,16.61,,
199,0.9,563.5,318.5,122.5,7,2,0.4,3,34.24,37.26,,
200,0.71,710.5,269.5,220.5,3.5,4,0.1,4,10.53,13.79,,
201,0.79,637,343,147,7,2,0.4,3,41.26,46.44,,
202,0.66,759.5,318.5,220.5,3.5,4,0.4,3,14.72,18.1,,
203,0.82,612.5,318.5,147,7,4,0.1,4,23.59,27.57,,
204,0.71,710.5,269.5,220.5,3.5,2,0.4,4,14.6,16.85,,
205,0.86,588,294,147,7,5,0.4,5,32.06,35.71,,
206,0.86,588,294,147,7,3,0.25,1,30.05,28.61,,
207,0.64,784,343,220.5,3.5,4,0.25,2,17.02,20.48,,
208,0.98,514.5,294,110.25,7,4,0.25,1,28.37,29.28,,
209,0.71,710.5,269.5,220.5,3.5,3,0.25,4,12.49,15.09,,
210,0.86,588,294,147,7,3,0.1,4,25.37,31.76,,
211,0.9,563.5,318.5,122.5,7,3,0.4,1,37.24,36.38,,
212,0.74,686,245,220.5,3.5,5,0.1,1,10.39,13.7,,
213,0.9,563.5,318.5,122.5,7,3,0.4,2,36.57,35.39,,
214,0.62,808.5,367.5,220.5,3.5,3,0.4,3,16.35,17.14,,
215,0.74,686,245,220.5,3.5,3,0.25,1,12.5,15.5,,
216,0.82,612.5,318.5,147,7,3,0.25,5,25.17,26.08,,
217,0.74,686,245,220.5,3.5,4,0.1,4,10.07,13.21,,
218,0.82,612.5,318.5,147,7,4,0.4,3,29.47,29.77,,
219,0.86,588,294,147,7,5,0.4,1,31.29,36.73,,
220,0.98,514.5,294,110.25,7,4,0.25,3,28.17,30.1,,
221,0.86,588,294,147,7,2,0.1,2,26.48,30.91,,
222,0.69,735,294,220.5,3.5,2,0.1,1,11.11,14.28,,
223,0.69,735,294,220.5,3.5,3,0.1,1,11.13,14.61,,
224,0.9,563.5,318.5,122.5,7,5,0.1,4,29.79,29.92,,
225,0.64,784,343,220.5,3.5,2,0.4,4,19.06,21.68,,
226,0.82,612.5,318.5,147,7,3,0.4,2,29.49,27.93,,
227,0.71,710.5,269.5,220.5,3.5,2,0.25,3,12.41,14.92,,
228,0.76,661.5,416.5,122.5,7,3,0.25,5,36.64,37.01,,
229,0.86,588,294,147,7,5,0.1,1,25.27,31.73,,
230,0.69,735,294,220.5,3.5,2,0.4,5,14.12,16.63,,
231,0.66,759.5,318.5,220.5,3.5,5,0.25,1,13.18,16.19,,
232,0.74,686,245,220.5,3.5,4,0.25,2,12.16,15.18,,
233,0.82,612.5,318.5,147,7,4,0.25,5,24.6,29.31,,
234,0.76,661.5,416.5,122.5,7,2,0.25,5,35.69,36.93,,
235,0.74,686,245,220.5,3.5,2,0.25,4,12.32,14.92,,
236,0.62,808.5,367.5,220.5,3.5,2,0.1,4,12.85,14.37,,
237,0.62,808.5,367.5,220.5,3.5,4,0.1,3,12.71,14.14,,
238,0.82,612.5,318.5,147,7,3,0.4,4,28.05,32.35,,
239,0.9,563.5,318.5,122.5,7,2,0.25,4,32.67,32.12,,
240,0.76,661.5,416.5,122.5,7,3,0.1,1,32.12,34.07,,
241,0.82,612.5,318.5,147,7,2,0.25,3,24.7,28.77,,
242,0.69,735,294,220.5,3.5,4,0.1,5,11.11,14.46,,
243,0.86,588,294,147,7,4,0.25,3,29.43,28.38,,
244,0.69,735,294,220.5,3.5,3,0.4,4,14.62,16.88,,
245,0.76,661.5,416.5,122.5,7,3,0.4,2,40.15,40.4,,
246,0.9,563.5,318.5,122.5,7,4,0.25,2,32.33,32.77,,
247,0.82,612.5,318.5,147,7,4,0.4,4,28.64,31.14,,
248,0.76,661.5,416.5,122.5,7,2,0.4,1,40.78,39.55,,
249,0.9,563.5,318.5,122.5,7,2,0.1,4,29.06,29.34,,
250,0.74,686,245,220.5,3.5,2,0.4,1,14.52,16.94,,
251,0.74,686,245,220.5,3.5,5,0.25,1,12.45,15.5,,
252,0.64,784,343,220.5,3.5,5,0.25,3,16.86,20.28,,
253,0.76,661.5,416.5,122.5,7,4,0.4,4,40.6,39.85,,
254,0.71,710.5,269.5,220.5,3.5,2,0.4,2,14.7,16.77,,
255,0.62,808.5,367.5,220.5,3.5,2,0.1,2,12.88,14.37,,
256,0.76,661.5,416.5,122.5,7,4,0,0,24.77,29.79,,
257,0.98,514.5,294,110.25,7,3,0.4,1,32.26,33.34,,
258,0.71,710.5,269.5,220.5,3.5,4,0.4,3,13.94,16.7,,
259,0.62,808.5,367.5,220.5,3.5,3,0.25,3,14.34,14.96,,
260,0.74,686,245,220.5,3.5,4,0.1,5,10.34,13.72,,
261,0.98,514.5,294,110.25,7,5,0.1,1,24.59,26.29,,
262,0.9,563.5,318.5,122.5,7,2,0,0,20.84,28.28,,
263,0.69,735,294,220.5,3.5,3,0,0,6.79,12.05,,
264,0.62,808.5,367.5,220.5,3.5,5,0.4,2,17.15,16.99,,
265,0.62,808.5,367.5,220.5,3.5,2,0.25,3,13.91,14.89,,
266,0.82,612.5,318.5,147,7,2,0.25,1,26.84,30.17,,
267,0.74,686,245,220.5,3.5,2,0.1,5,10.47,13.65,,
268,0.98,514.5,294,110.25,7,2,0.1,5,24.35,25.64,,
269,0.64,784,343,220.5,3.5,3,0.25,3,16.93,20.03,,
270,0.9,563.5,318.5,122.5,7,4,0.4,2,36.06,34.94,,
271,0.9,563.5,318.5,122.5,7,2,0.25,1,32.68,36.12,,
272,0.74,686,245,220.5,3.5,4,0.1,3,10.35,13.65,,
273,0.86,588,294,147,7,2,0.4,5,32.31,29.69,,
274,0.74,686,245,220.5,3.5,4,0.25,4,12.18,15.03,,
275,0.66,759.5,318.5,220.5,3.5,3,0.4,1,15.23,18.03,,
276,0.76,661.5,416.5,122.5,7,3,0.4,4,40.4,39.67,,
277,0.79,637,343,147,7,4,0.1,4,35.45,41.86,,
278,0.62,808.5,367.5,220.5,3.5,4,0.1,1,12.93,14.33,,
279,0.74,686,245,220.5,3.5,4,0.25,5,11.64,14.81,,
280,0.9,563.5,318.5,122.5,7,4,0.25,3,32.68,32.83,,
281,0.62,808.5,367.5,220.5,3.5,5,0.25,2,14.6,15.3,,
282,0.64,784,343,220.5,3.5,3,0.25,1,17.35,21.19,,
283,0.79,637,343,147,7,5,0.4,2,41.92,48.03,,
284,0.76,661.5,416.5,122.5,7,2,0.1,5,32.31,34.25,,
285,0.71,710.5,269.5,220.5,3.5,2,0.1,1,10.71,13.8,,
286,0.98,514.5,294,110.25,7,2,0.25,3,28.67,29.43,,
287,0.64,784,343,220.5,3.5,3,0.1,3,15.36,19.18,,
288,0.66,759.5,318.5,220.5,3.5,5,0.1,3,11.61,13.83,,
289,0.69,735,294,220.5,3.5,2,0.4,4,14.54,16.81,,
290,0.86,588,294,147,7,3,0.4,4,31.66,36.2,,
291,0.79,637,343,147,7,2,0,0,28.52,37.73,,
292,0.71,710.5,269.5,220.5,3.5,5,0.1,4,10.72,14.2,,
293,0.71,710.5,269.5,220.5,3.5,5,0.1,3,10.7,13.87,,
294,0.69,735,294,220.5,3.5,3,0.1,2,11.46,13.54,,
295,0.71,710.5,269.5,220.5,3.5,2,0,0,6.37,11.27,,
296,0.69,735,294,220.5,3.5,5,0.1,5,11.16,14.39,,
297,0.66,759.5,318.5,220.5,3.5,3,0.25,1,13.18,16.27,,
298,0.71,710.5,269.5,220.5,3.5,4,0.4,5,12.76,15.33,,
299,0.9,563.5,318.5,122.5,7,3,0.1,5,29.08,29.52,,
300,0.9,563.5,318.5,122.5,7,4,0.4,4,35.4,39.22,,
301,0.69,735,294,220.5,3.5,3,0.1,4,11.22,14.49,,
302,0.9,563.5,318.5,122.5,7,2,0.1,5,29.83,29.82,,
303,0.79,637,343,147,7,4,0.25,3,39.81,37.76,,
304,0.74,686,245,220.5,3.5,4,0,0,6.01,10.94,,
305,0.64,784,343,220.5,3.5,2,0.4,3,18.48,20.78,,
306,0.66,759.5,318.5,220.5,3.5,3,0.1,3,11.6,13.7,,
307,0.66,759.5,318.5,220.5,3.5,2,0,0,7.18,12.4,,
308,0.74,686,245,220.5,3.5,4,0.4,4,14.32,16.9,,
309,0.82,612.5,318.5,147,7,3,0.1,1,24.03,24.91,,
310,0.64,784,343,220.5,3.5,5,0.1,3,15.36,19.29,,
311,0.98,514.5,294,110.25,7,5,0.1,4,24.32,25.87,,
312,0.69,735,294,220.5,3.5,5,0.25,1,12.72,15.78,,
313,0.86,588,294,147,7,3,0,0,19.95,21.97,,
314,0.9,563.5,318.5,122.5,7,4,0.25,4,32.07,36.16,,
315,0.62,808.5,367.5,220.5,3.5,3,0.1,4,13.04,14.34,,
316,0.66,759.5,318.5,220.5,3.5,2,0.4,2,15.34,17.85,,
317,0.76,661.5,416.5,122.5,7,2,0.4,4,40.68,40.36,,
318,0.71,710.5,269.5,220.5,3.5,2,0.1,4,10.66,13.67,,
319,0.64,784,343,220.5,3.5,4,0.1,4,15.32,19.42,,
320,0.66,759.5,318.5,220.5,3.5,2,0.4,4,15.34,17.86,,
321,0.66,759.5,318.5,220.5,3.5,2,0.1,1,11.68,13.9,,
322,0.62,808.5,367.5,220.5,3.5,3,0.4,1,17.17,17.21,,
323,0.98,514.5,294,110.25,7,2,0.4,2,32.82,32.96,,
324,0.9,563.5,318.5,122.5,7,2,0.1,2,28.88,32.54,,
325,0.69,735,294,220.5,3.5,4,0.25,5,12.18,15.22,,
326,0.69,735,294,220.5,3.5,3,0.25,1,12.93,15.63,,
327,0.69,735,294,220.5,3.5,4,0.1,1,11.09,14.3,,
328,0.86,588,294,147,7,3,0.4,5,31.81,31.2,,
329,0.64,784,343,220.5,3.5,2,0.25,2,17.14,20.47,,
330,0.98,514.5,294,110.25,7,2,0.25,5,28.69,29.53,,
331,0.79,637,343,147,7,5,0.25,3,39.83,36.87,,
332,0.98,514.5,294,110.25,7,2,0.4,4,32.85,32.95,,
333,0.98,514.5,294,110.25,7,4,0.4,2,32.24,33.94,,
334,0.64,784,343,220.5,3.5,5,0.4,4,18.84,22.49,,
335,0.9,563.5,318.5,122.5,7,5,0.25,3,32.29,32.46,,
336,0.66,759.5,318.5,220.5,3.5,3,0.4,5,14.92,17.79,,
337,0.86,588,294,147,7,3,0.1,2,27.02,25.63,,
338,0.82,612.5,318.5,147,7,3,0.1,2,24.23,25.02,,
339,0.76,661.5,416.5,122.5,7,3,0.25,4,36.45,36.76,,
340,0.71,710.5,269.5,220.5,3.5,5,0.4,5,12.42,15.31,,
341,0.71,710.5,269.5,220.5,3.5,2,0.25,5,12.27,15.27,,
342,0.62,808.5,367.5,220.5,3.5,2,0.25,4,14.33,15.41,,
343,0.64,784,343,220.5,3.5,5,0.25,5,16.92,20.29,,
344,0.98,514.5,294,110.25,7,2,0.25,1,28.15,29.79,,
345,0.98,514.5,294,110.25,7,2,0.25,2,28.67,29.62,,
346,0.74,686,245,220.5,3.5,3,0.25,2,12.45,15.1,,
347,0.98,514.5,294,110.25,7,5,0.4,4,32.74,33.88,,
348,0.86,588,294,147,7,4,0.25,4,29.08,33.93,,
349,0.74,686,245,220.5,3.5,4,0.4,5,14.17,16.94,,
350,0.64,784,343,220.5,3.5,4,0.1,3,15.12,19.37,,
351,0.62,808.5,367.5,220.5,3.5,2,0.4,3,16.47,16.9,,
352,0.66,759.5,318.5,220.5,3.5,3,0.1,2,11.42,14.75,,
353,0.62,808.5,367.5,220.5,3.5,5,0.1,4,13,14.47,,
354,0.69,735,294,220.5,3.5,4,0.1,2,11.32,13.32,,
355,0.86,588,294,147,7,5,0.4,4,32.75,31,,
356,0.62,808.5,367.5,220.5,3.5,3,0.4,5,16.44,17.11,,
357,0.79,637,343,147,7,4,0.25,2,39.97,36.77,,
358,0.71,710.5,269.5,220.5,3.5,3,0.1,1,10.8,14.28,,
359,0.86,588,294,147,7,5,0.4,3,31.84,31.6,,
360,0.76,661.5,416.5,122.5,7,3,0.25,2,36.28,37.35,,
361,0.9,563.5,318.5,122.5,7,4,0.4,1,36.66,35.92,,
362,0.74,686,245,220.5,3.5,2,0.1,2,10.42,13.39,,
363,0.9,563.5,318.5,122.5,7,4,0.25,1,32.84,32.71,,
364,0.76,661.5,416.5,122.5,7,5,0.1,4,32.31,34.05,,
365,0.64,784,343,220.5,3.5,5,0.25,1,17.37,21.08,,
366,0.86,588,294,147,7,3,0.1,1,26.91,25.6,,
367,0.66,759.5,318.5,220.5,3.5,3,0.25,4,13,15.59,,
368,0.76,661.5,416.5,122.5,7,5,0.25,4,36.26,37.51,,
369,0.98,514.5,294,110.25,7,5,0.25,5,28.61,30.2,,
370,0.82,612.5,318.5,147,7,5,0.1,3,23.87,24.93,,
371,0.79,637,343,147,7,5,0.1,5,35.48,41.26,,
372,0.79,637,343,147,7,5,0.1,2,36.03,42.86,,
373,0.76,661.5,416.5,122.5,7,4,0.25,2,36.86,37.28,,
374,0.82,612.5,318.5,147,7,2,0.25,4,25.66,26.3,,
375,0.82,612.5,318.5,147,7,3,0.1,5,23.89,24.77,,
376,0.71,710.5,269.5,220.5,3.5,5,0.4,4,14.66,17.74,,
377,0.79,637,343,147,7,2,0.4,1,41.4,45.29,,
378,0.86,588,294,147,7,3,0.4,3,32.12,34.7,,
379,0.82,612.5,318.5,147,7,4,0.25,4,25.43,28.76,,
380,0.69,735,294,220.5,3.5,5,0.4,2,14.62,17.22,,
381,0.82,612.5,318.5,147,7,4,0,0,16.95,21.16,,
382,0.9,563.5,318.5,122.5,7,2,0.1,1,29.03,32.92,,
383,0.66,759.5,318.5,220.5,3.5,5,0.1,2,11.43,14.74,,
384,0.66,759.5,318.5,220.5,3.5,5,0.1,4,11.43,14.83,,
385,0.98,514.5,294,110.25,7,4,0.1,4,24.04,26.18,,
386,0.74,686,245,220.5,3.5,5,0.1,5,10.39,13.5,,
387,0.71,710.5,269.5,220.5,3.5,4,0.4,4,14.47,17.23,,
388,0.66,759.5,318.5,220.5,3.5,2,0.1,3,11.59,13.46,,
389,0.74,686,245,220.5,3.5,2,0.25,3,11.8,14.49,,
390,0.66,759.5,318.5,220.5,3.5,4,0,0,7.1,12.4,,
391,0.62,808.5,367.5,220.5,3.5,3,0.1,2,13,14.57,,
392,0.69,735,294,220.5,3.5,5,0.4,1,14.42,17.2,,
393,0.9,563.5,318.5,122.5,7,2,0.4,5,35.67,33.94,,
394,0.82,612.5,318.5,147,7,5,0.25,1,26.19,31.39,,
395,0.86,588,294,147,7,2,0.25,1,29.54,33.98,,
396,0.9,563.5,318.5,122.5,7,4,0,0,20.71,25.16,,
397,0.64,784,343,220.5,3.5,2,0.25,5,16.73,20.13,,
398,0.86,588,294,147,7,4,0.1,5,25.36,32.04,,
399,0.74,686,245,220.5,3.5,5,0.25,3,11.69,14.76,,
400,0.82,612.5,318.5,147,7,5,0.25,5,25.49,28.14,,
401,0.62,808.5,367.5,220.5,3.5,5,0.25,3,13.99,14.35,,
402,0.79,637,343,147,7,2,0.25,1,38.67,43.8,,
403,0.66,759.5,318.5,220.5,3.5,2,0.25,1,13.17,16.39,,
404,0.86,588,294,147,7,2,0.4,2,32.48,35.48,,
405,0.71,710.5,269.5,220.5,3.5,5,0.25,3,12.19,14.94,,
406,0.64,784,343,220.5,3.5,3,0.25,2,16.84,20.56,,
407,0.79,637,343,147,7,4,0.25,4,38.33,44.16,,
408,0.9,563.5,318.5,122.5,7,5,0.4,4,36.57,36.1,,
409,0.98,514.5,294,110.25,7,5,0.25,3,28.63,30.19,,
410,0.71,710.5,269.5,220.5,3.5,4,0.25,5,12.25,15.23,,
411,0.76,661.5,416.5,122.5,7,5,0.1,2,32.41,33.78,,
412,0.71,710.5,269.5,220.5,3.5,4,0.4,1,14.5,17.12,,
413,0.79,637,343,147,7,5,0.25,1,39.04,45.52,,
414,0.76,661.5,416.5,122.5,7,5,0.4,2,40.42,39.7,,
415,0.66,759.5,318.5,220.5,3.5,5,0.25,4,12.92,16.14,,
416,0.69,735,294,220.5,3.5,5,0.25,5,12.47,14.6,,
417,0.74,686,245,220.5,3.5,5,0.1,4,10.14,13.53,,
418,0.9,563.5,318.5,122.5,7,5,0.1,2,27.9,34.2,,
419,0.9,563.5,318.5,122.5,7,3,0.1,2,29.68,29.44,,
420,0.74,686,245,220.5,3.5,5,0.4,4,14.44,17.32,,
421,0.62,808.5,367.5,220.5,3.5,3,0.4,4,16.9,16.79,,
422,0.71,710.5,269.5,220.5,3.5,3,0.25,1,12.65,15.85,,
423,0.98,514.5,294,110.25,7,3,0.25,5,28.58,29.77,,
424,0.64,784,343,220.5,3.5,3,0.4,5,18.19,20.21,,
425,0.98,514.5,294,110.25,7,3,0.25,1,28.15,29.79,,
426,0.64,784,343,220.5,3.5,4,0.1,5,15.12,19.26,,
427,0.76,661.5,416.5,122.5,7,5,0.25,2,36.45,36.81,,
428,0.9,563.5,318.5,122.5,7,2,0.4,2,35.84,38.35,,
429,0.76,661.5,416.5,122.5,7,2,0.4,2,40.78,39.48,,
430,0.98,514.5,294,110.25,7,3,0,0,15.55,21.33,,
431,0.86,588,294,147,7,2,0.4,4,32.38,31.53,,
432,0.98,514.5,294,110.25,7,3,0.25,2,28.57,29.69,,
433,0.86,588,294,147,7,4,0.1,4,26.33,31.06,,
434,0.98,514.5,294,110.25,7,3,0.1,4,24.23,25.72,,
435,0.64,784,343,220.5,3.5,3,0.4,4,19.13,21.54,,
436,0.82,612.5,318.5,147,7,5,0.4,2,28.01,32.92,,
437,0.79,637,343,147,7,5,0.4,1,41.67,46.94,,
438,0.82,612.5,318.5,147,7,5,0.1,2,22.79,28.79,,
439,0.79,637,343,147,7,4,0.25,5,39.01,45.28,,
440,0.98,514.5,294,110.25,7,2,0.4,5,32.84,32.88,,
441,0.86,588,294,147,7,2,0.25,3,28.4,33.52,,
442,0.62,808.5,367.5,220.5,3.5,2,0.4,2,16.76,17.36,,
443,0.98,514.5,294,110.25,7,3,0.25,3,28.56,29.78,,
444,0.74,686,245,220.5,3.5,3,0.4,3,14.22,15.39,,
445,0.9,563.5,318.5,122.5,7,3,0.25,1,33.48,33.17,,
446,0.64,784,343,220.5,3.5,5,0.1,1,15.21,19.32,,
447,0.66,759.5,318.5,220.5,3.5,2,0.25,3,12.97,15.53,,
448,0.64,784,343,220.5,3.5,2,0,0,10.85,16.78,,
449,0.82,612.5,318.5,147,7,3,0.25,3,25.48,27.76,,
450,0.71,710.5,269.5,220.5,3.5,3,0.1,4,10.68,14.12,,
451,0.82,612.5,318.5,147,7,5,0.4,1,28.65,33.54,,
452,0.74,686,245,220.5,3.5,2,0.1,1,10.36,13.43,,
453,0.69,735,294,220.5,3.5,4,0.4,4,14.53,16.9,,
454,0.9,563.5,318.5,122.5,7,5,0.1,3,29.05,29.67,,
455,0.74,686,245,220.5,3.5,5,0.4,1,14.55,17.25,,
456,0.9,563.5,318.5,122.5,7,3,0.1,3,29.01,32.85,,
457,0.71,710.5,269.5,220.5,3.5,2,0.4,5,12.43,15.59,,
458,0.86,588,294,147,7,4,0.4,3,32.05,30.11,,
459,0.69,735,294,220.5,3.5,5,0.4,3,14.08,17.02,,
460,0.69,735,294,220.5,3.5,2,0.4,2,14.75,16.44,,
461,0.82,612.5,318.5,147,7,2,0.25,2,25.74,28.27,,
462,0.86,588,294,147,7,2,0.4,1,31.89,35.99,,
463,0.76,661.5,416.5,122.5,7,3,0.25,3,36.59,36.44,,
464,0.9,563.5,318.5,122.5,7,3,0.1,1,29.87,29.87,,
465,0.86,588,294,147,7,5,0.1,4,27.03,25.81,,
466,0.79,637,343,147,7,5,0.4,5,40.79,44.87,,
467,0.76,661.5,416.5,122.5,7,5,0.25,1,36.43,36.62,,
468,0.82,612.5,318.5,147,7,5,0.1,1,22.58,28.51,,
469,0.62,808.5,367.5,220.5,3.5,2,0.25,5,13.68,15.19,,
470,0.76,661.5,416.5,122.5,7,4,0.1,4,33.09,33.89,,
471,0.9,563.5,318.5,122.5,7,4,0.4,3,35.05,33.82,,
472,0.69,735,294,220.5,3.5,2,0.25,4,12.91,15.37,,
473,0.64,784,343,220.5,3.5,5,0.4,3,18.46,21.53,,
474,0.76,661.5,416.5,122.5,7,2,0.25,2,36.95,36.87,,
475,0.76,661.5,416.5,122.5,7,5,0.25,3,36.52,37.29,,
476,0.86,588,294,147,7,4,0.1,1,26.37,27.03,,
477,0.71,710.5,269.5,220.5,3.5,4,0.4,2,14.4,17.27,,
478,0.98,514.5,294,110.25,7,4,0.25,5,28.15,30,,
479,0.62,808.5,367.5,220.5,3.5,2,0.1,5,12.59,14.24,,
480,0.79,637,343,147,7,4,0.4,5,41.09,47.01,,
481,0.62,808.5,367.5,220.5,3.5,5,0.25,1,15.16,15.76,,
482,0.62,808.5,367.5,220.5,3.5,2,0.4,4,16.44,17.1,,
483,0.76,661.5,416.5,122.5,7,2,0.25,4,36.95,37.2,,
484,0.71,710.5,269.5,220.5,3.5,3,0.4,4,14.7,17.2,,
485,0.62,808.5,367.5,220.5,3.5,2,0.4,1,15.09,17.2,,
486,0.69,735,294,220.5,3.5,2,0.4,1,14.51,16.5,,
487,0.82,612.5,318.5,147,7,2,0.1,5,24.37,25.11,,
488,0.82,612.5,318.5,147,7,3,0.1,4,22.8,28.61,,
489,0.62,808.5,367.5,220.5,3.5,4,0.25,3,13.95,14.89,,
490,0.9,563.5,318.5,122.5,7,4,0.1,4,28.86,32.83,,
491,0.66,759.5,318.5,220.5,3.5,2,0.4,5,14.96,17.64,,
492,0.64,784,343,220.5,3.5,3,0.1,2,15.18,19.34,,
493,0.62,808.5,367.5,220.5,3.5,4,0.1,4,13,14.28,,
494,0.79,637,343,147,7,3,0.4,2,43.1,39.41,,
495,0.79,637,343,147,7,2,0.1,1,35.56,41.68,,
496,0.9,563.5,318.5,122.5,7,3,0.25,4,31.69,37.12,,
497,0.69,735,294,220.5,3.5,4,0.4,3,14.33,16.99,,
498,0.82,612.5,318.5,147,7,2,0.1,4,23.8,24.61,,
499,0.69,735,294,220.5,3.5,3,0.25,5,12.12,14.97,,
500,0.76,661.5,416.5,122.5,7,2,0.1,1,32.96,33.87,,
501,0.9,563.5,318.5,122.5,7,4,0.1,1,29.14,29.58,,
502,0.98,514.5,294,110.25,7,3,0.1,5,24.33,25.98,,
503,0.66,759.5,318.5,220.5,3.5,3,0.25,3,13.01,15.8,,
504,0.64,784,343,220.5,3.5,4,0.4,5,18.16,20.71,,
505,0.74,686,245,220.5,3.5,3,0.4,1,14.61,17.25,,
506,0.82,612.5,318.5,147,7,4,0.25,2,25.38,26.72,,
507,0.66,759.5,318.5,220.5,3.5,4,0.1,5,11.22,14.65,,
508,0.76,661.5,416.5,122.5,7,3,0.1,4,32.38,33.62,,
509,0.79,637,343,147,7,4,0.1,1,36.9,34.43,,
510,0.86,588,294,147,7,5,0.25,3,29.07,29.82,,
511,0.69,735,294,220.5,3.5,5,0.25,2,12.95,15.99,,
512,0.9,563.5,318.5,122.5,7,3,0,0,21.46,25.38,,
513,0.76,661.5,416.5,122.5,7,5,0.1,5,33.27,33.88,,
514,0.82,612.5,318.5,147,7,4,0.1,5,22.89,28.88,,
515,0.76,661.5,416.5,122.5,7,4,0.4,5,39.31,37.79,,
516,0.74,686,245,220.5,3.5,2,0,0,6.07,10.9,,
517,0.69,735,294,220.5,3.5,5,0.25,4,12.86,16.13,,
518,0.82,612.5,318.5,147,7,2,0.1,2,23.75,27.38,,
519,0.66,759.5,318.5,220.5,3.5,5,0.25,3,12.84,16.26,,
520,0.64,784,343,220.5,3.5,5,0.1,4,15.16,19.48,,
521,0.62,808.5,367.5,220.5,3.5,4,0.4,2,17.26,16.86,,
522,0.86,588,294,147,7,3,0.25,3,29.4,32.93,,
523,0.79,637,343,147,7,4,0,0,29.63,30.93,,
524,0.9,563.5,318.5,122.5,7,4,0.25,5,31.53,37.19,,
525,0.64,784,343,220.5,3.5,4,0,0,10.77,16.75,,
526,0.9,563.5,318.5,122.5,7,5,0,0,19.68,29.6,,
527,0.74,686,245,220.5,3.5,5,0.25,4,12.43,15.35,,
528,0.86,588,294,147,7,4,0.1,3,26.89,25.9,,
529,0.62,808.5,367.5,220.5,3.5,3,0.25,2,14.66,15.64,,
530,0.62,808.5,367.5,220.5,3.5,5,0,0,8.5,12.04,,
531,0.64,784,343,220.5,3.5,2,0.4,5,17.69,20.82,,
532,0.76,661.5,416.5,122.5,7,4,0.25,3,35.64,37.28,,
533,0.98,514.5,294,110.25,7,4,0.1,2,24.13,26.13,,
534,0.9,563.5,318.5,122.5,7,2,0.4,4,36.45,33.98,,
535,0.64,784,343,220.5,3.5,2,0.1,3,15.16,19.14,,
536,0.82,612.5,318.5,147,7,4,0.25,1,26.97,27.25,,
537,0.98,514.5,294,110.25,7,4,0.25,2,28.18,30.18,,
538,0.9,563.5,318.5,122.5,7,5,0.4,5,35.24,37.27,,
539,0.98,514.5,294,110.25,7,3,0.1,3,24.4,26.02,,
540,0.98,514.5,294,110.25,7,4,0.4,1,32.49,32.83,,
541,0.79,637,343,147,7,5,0.4,4,42.96,39.56,,
542,0.86,588,294,147,7,2,0,0,19.5,27.3,,
543,0.79,637,343,147,7,2,0.25,5,39.89,37.54,,
544,0.82,612.5,318.5,147,7,5,0.4,5,29.92,32.54,,
545,0.76,661.5,416.5,122.5,7,5,0.4,1,40.43,39.48,,
546,0.79,637,343,147,7,3,0.25,1,40.03,37.81,,
547,0.82,612.5,318.5,147,7,2,0,0,17.05,23.77,,
548,0.64,784,343,220.5,3.5,5,0.4,2,19.12,21.93,,
549,0.62,808.5,367.5,220.5,3.5,2,0.1,1,12.96,14.34,,
550,0.9,563.5,318.5,122.5,7,2,0.25,2,32.46,35.56,,
551,0.74,686,245,220.5,3.5,2,0.1,3,10.39,13.6,,
552,0.9,563.5,318.5,122.5,7,5,0.1,5,29.02,33.01,,
553,0.66,759.5,318.5,220.5,3.5,3,0.1,4,11.42,14.67,,
554,0.69,735,294,220.5,3.5,4,0.4,2,14.33,17.23,,
555,0.86,588,294,147,7,2,0.1,1,26.28,30.89,,
556,0.66,759.5,318.5,220.5,3.5,4,0.4,5,14.92,17.55,,
557,0.71,710.5,269.5,220.5,3.5,5,0.25,1,12.63,15.81,,
558,0.86,588,294,147,7,3,0.1,5,26.45,27.33,,
559,0.98,514.5,294,110.25,7,2,0.4,1,32.26,33.37,,
560,0.66,759.5,318.5,220.5,3.5,4,0.25,1,13.17,16.39,,
561,0.79,637,343,147,7,3,0.1,1,37.12,35.28,,
562,0.71,710.5,269.5,220.5,3.5,5,0.4,3,13.86,16.1,,
563,0.86,588,294,147,7,4,0.4,5,31.12,36.26,,
564,0.69,735,294,220.5,3.5,3,0.25,4,12.95,15.73,,
565,0.66,759.5,318.5,220.5,3.5,5,0.4,2,15.3,18.15,,
566,0.71,710.5,269.5,220.5,3.5,3,0.4,3,14.03,15.47,,
567,0.66,759.5,318.5,220.5,3.5,5,0.25,5,13.02,16.06,,
568,0.62,808.5,367.5,220.5,3.5,4,0.25,4,14.61,15.07,,
569,0.62,808.5,367.5,220.5,3.5,2,0.4,5,16.54,16.88,,
570,0.66,759.5,318.5,220.5,3.5,2,0.1,4,11.44,14.86,,
571,0.9,563.5,318.5,122.5,7,2,0.25,3,31.63,36.35,,
572,0.62,808.5,367.5,220.5,3.5,5,0.1,2,13.04,14.24,,
573,0.71,710.5,269.5,220.5,3.5,5,0.25,5,12.27,14.97,,
574,0.71,710.5,269.5,220.5,3.5,2,0.1,3,10.77,14.14,,
575,0.71,710.5,269.5,220.5,3.5,2,0.25,4,12.36,14.67,,
576,0.64,784,343,220.5,3.5,2,0.1,5,15.16,19.24,,
577,0.69,735,294,220.5,3.5,4,0.25,3,12.31,15.44,,
578,0.98,514.5,294,110.25,7,3,0.4,5,32.72,33.23,,
579,0.62,808.5,367.5,220.5,3.5,5,0.1,1,13.02,14.27,,
580,0.62,808.5,367.5,220.5,3.5,3,0.25,1,15.12,15.95,,
581,0.71,710.5,269.5,220.5,3.5,2,0.1,5,10.78,14.18,,
582,0.82,612.5,318.5,147,7,3,0.1,3,23.84,27.54,,
583,0.71,710.5,269.5,220.5,3.5,3,0.4,5,12.63,14.58,,
584,0.86,588,294,147,7,4,0.25,1,29.6,30.12,,
585,0.71,710.5,269.5,220.5,3.5,4,0.25,2,12.2,14.94,,
586,0.79,637,343,147,7,3,0.4,1,42.62,39.07,,
587,0.79,637,343,147,7,3,0.4,5,41.96,37.7,,
588,0.62,808.5,367.5,220.5,3.5,2,0.1,3,12.68,14.09,,
589,0.86,588,294,147,7,3,0.25,2,29.87,27.89,,
590,0.82,612.5,318.5,147,7,4,0.1,1,23.54,24.61,,
591,0.69,735,294,220.5,3.5,5,0.25,3,12.12,15.17,,
592,0.86,588,294,147,7,5,0.1,3,26.46,27.4,,
593,0.9,563.5,318.5,122.5,7,5,0.4,1,35.96,40.99,,
594,0.74,686,245,220.5,3.5,2,0.4,3,13.97,16.08,,
595,0.69,735,294,220.5,3.5,2,0.25,1,12.78,15.21,,
596,0.62,808.5,367.5,220.5,3.5,4,0.1,5,12.8,13.99,,
597,0.62,808.5,367.5,220.5,3.5,4,0.4,4,16.94,16.58,,
598,0.62,808.5,367.5,220.5,3.5,4,0,0,8.45,12.08,,
599,0.98,514.5,294,110.25,7,5,0.1,5,24.26,26.18,,
600,0.69,735,294,220.5,3.5,2,0.25,2,12.85,15.52,,
601,0.66,759.5,318.5,220.5,3.5,4,0.1,2,11.33,15,,
602,0.64,784,343,220.5,3.5,4,0.25,4,16.56,20.37,,
603,0.9,563.5,318.5,122.5,7,4,0.1,2,28.83,29.36,,
604,0.86,588,294,147,7,3,0.1,3,26.47,31.01,,
605,0.76,661.5,416.5,122.5,7,2,0.1,2,33.16,33.91,,
606,0.98,514.5,294,110.25,7,4,0.4,5,32.21,33.76,,
607,0.74,686,245,220.5,3.5,4,0.4,3,14.1,16.57,,
608,0.66,759.5,318.5,220.5,3.5,4,0.1,3,11.53,13.59,,
609,0.71,710.5,269.5,220.5,3.5,3,0,0,6.4,11.72,,
610,0.82,612.5,318.5,147,7,3,0.25,4,24.96,29.43,,
611,0.62,808.5,367.5,220.5,3.5,3,0.1,3,12.63,14.23,,
612,0.74,686,245,220.5,3.5,2,0.4,4,14.37,16.61,,
613,0.79,637,343,147,7,3,0.25,3,38.35,43.66,,
614,0.66,759.5,318.5,220.5,3.5,3,0.25,5,12.82,16.03,,
615,0.86,588,294,147,7,4,0.4,2,32.13,32.28,,
616,0.86,588,294,147,7,3,0.4,2,32.74,30.53,,
617,0.86,588,294,147,7,2,0.25,5,29.71,28.02,,
618,0.79,637,343,147,7,5,0.25,4,40.12,37.26,,
619,0.82,612.5,318.5,147,7,4,0.4,1,29.53,28.99,,
620,0.98,514.5,294,110.25,7,5,0.25,2,28.6,30.02,,
621,0.74,686,245,220.5,3.5,4,0.1,1,10.36,13.48,,
622,0.98,514.5,294,110.25,7,5,0.25,1,28.41,29.49,,
623,0.9,563.5,318.5,122.5,7,5,0.4,2,35.69,40.66,,
624,0.71,710.5,269.5,220.5,3.5,4,0,0,6366,11.29,,
625,0.79,637,343,147,7,3,0.1,3,35.48,41.22,,
626,0.64,784,343,220.5,3.5,2,0.4,1,19.52,22.72,,
627,0.76,661.5,416.5,122.5,7,5,0.4,5,39.86,38.18,,
628,0.9,563.5,318.5,122.5,7,3,0.25,3,32.4,35.1,,
629,0.79,637,343,147,7,5,0.1,3,36.7,34.29,,
630,0.74,686,245,220.5,3.5,3,0.1,5,10.37,13.44,,
631,0.71,710.5,269.5,220.5,3.5,5,0.1,2,10.68,14.21,,
632,0.62,808.5,367.5,220.5,3.5,5,0.4,5,16.64,16.03,,
633,0.98,514.5,294,110.25,7,3,0.1,1,24.63,26.37,,
634,0.71,710.5,269.5,220.5,3.5,5,0.4,2,14.71,17.51,,
635,0.79,637,343,147,7,5,0.1,4,37.1,35.29,,
636,0.82,612.5,318.5,147,7,5,0.1,4,24.24,25.16,,
637,0.76,661.5,416.5,122.5,7,3,0.4,1,39.97,40.85,,
638,0.98,514.5,294,110.25,7,2,0.1,2,24.29,25.95,,
639,0.69,735,294,220.5,3.5,2,0.1,4,11.18,14.29,,
640,0.79,637,343,147,7,4,0.1,5,36.77,43.14,,
641,0.62,808.5,367.5,220.5,3.5,3,0,0,8.49,12.22,,
642,0.79,637,343,147,7,3,0.1,2,37.26,34.62,,
643,0.62,808.5,367.5,220.5,3.5,4,0.1,2,12.97,14.27,,
644,0.79,637,343,147,7,2,0.25,4,40,36.26,,
645,0.66,759.5,318.5,220.5,3.5,2,0.4,3,15.16,17.04,,
646,0.98,514.5,294,110.25,7,4,0.4,4,32.21,33.95,,
647,0.66,759.5,318.5,220.5,3.5,4,0.4,2,15.09,18.36,,
648,0.86,588,294,147,7,5,0.25,4,29.88,28.31,,
649,0.9,563.5,318.5,122.5,7,2,0.1,3,28.07,34.14,,
650,0.62,808.5,367.5,220.5,3.5,5,0.25,4,14.65,15.38,,
651,0.98,514.5,294,110.25,7,2,0.1,1,24.58,26.47,,
652,0.64,784,343,220.5,3.5,5,0.4,5,17.88,21.4,,
653,0.86,588,294,147,7,2,0.25,2,29.34,33.37,,
654,0.69,735,294,220.5,3.5,2,0.1,2,11.45,13.2,,
655,0.79,637,343,147,7,2,0.4,2,41.64,45.59,,
656,0.71,710.5,269.5,220.5,3.5,3,0.1,2,10.72,14.11,,
657,0.74,686,245,220.5,3.5,5,0.25,5,12.02,14.03,,
658,0.82,612.5,318.5,147,7,3,0.4,5,29.5,29.56,,
659,0.64,784,343,220.5,3.5,5,0,0,10.56,16.67,,
660,0.69,735,294,220.5,3.5,2,0.4,3,14.32,16.35,,
661,0.76,661.5,416.5,122.5,7,2,0.25,3,35.99,36.07,,
662,0.69,735,294,220.5,3.5,5,0.1,1,11.16,14.45,,
663,0.98,514.5,294,110.25,7,2,0.1,3,24.28,25.68,,
664,0.71,710.5,269.5,220.5,3.5,2,0.1,2,10.64,13.67,,
665,0.64,784,343,220.5,3.5,2,0.4,2,19.2,21.72,,
666,0.76,661.5,416.5,122.5,7,5,0.4,4,40.11,40.77,,
667,0.86,588,294,147,7,4,0,0,19.34,23.49,,
668,0.74,686,245,220.5,3.5,2,0.25,2,12.35,14.73,,
669,0.98,514.5,294,110.25,7,3,0.4,2,32.71,33.13,,
670,0.69,735,294,220.5,3.5,2,0.1,5,11.21,14.55,,
671,0.66,759.5,318.5,220.5,3.5,3,0.4,4,15.29,17.82,,
672,0.74,686,245,220.5,3.5,2,0.4,2,14.54,16.43,,
673,0.79,637,343,147,7,3,0.4,3,41.3,44.18,,
674,0.69,735,294,220.5,3.5,5,0.1,3,11.14,14.4,,
675,0.79,637,343,147,7,3,0.1,4,35.89,43.3,,
676,0.62,808.5,367.5,220.5,3.5,2,0.25,1,15.09,15.77,,
677,0.64,784,343,220.5,3.5,3,0.4,3,18.71,20.72,,
678,0.79,637,343,147,7,5,0.1,1,35.94,43.33,,
679,0.74,686,245,220.5,3.5,2,0.1,4,10.08,13.2,,
680,0.66,759.5,318.5,220.5,3.5,3,0.4,2,15.29,17.89,,
681,0.82,612.5,318.5,147,7,3,0,0,17.41,21.46,,
682,0.79,637,343,147,7,4,0.4,1,42.5,38.35,,
683,0.86,588,294,147,7,5,0.4,2,31.64,36.86,,
684,0.69,735,294,220.5,3.5,5,0.1,4,11.2,14.73,,
685,0.66,759.5,318.5,220.5,3.5,5,0.4,4,15.3,18.24,,
686,0.62,808.5,367.5,220.5,3.5,3,0.4,2,17.23,17.38,,
687,0.76,661.5,416.5,122.5,7,2,0.4,3,39.32,38.17,,
688,0.79,637,343,147,7,4,0.1,2,36.97,33.87,,
689,0.71,710.5,269.5,220.5,3.5,3,0.25,5,12.19,14.71,,
690,0.98,514.5,294,110.25,7,5,0.1,3,24.35,26.14,,
691,0.79,637,343,147,7,3,0.25,5,39.83,36.66,,
692,0.76,661.5,416.5,122.5,7,5,0.25,5,36.7,36.15,,
693,0.98,514.5,294,110.25,7,5,0.4,3,32.75,34,,
694,0.76,661.5,416.5,122.5,7,2,0.4,5,38.82,39.37,,
695,0.69,735,294,220.5,3.5,4,0.25,4,12.67,15.83,,
696,0.76,661.5,416.5,122.5,7,4,0.1,2,33.12,34.17,,
697,0.76,661.5,416.5,122.5,7,2,0.1,3,32.52,33.85,,
698,0.76,661.5,416.5,122.5,7,3,0.1,5,33.21,34.35,,
699,0.71,710.5,269.5,220.5,3.5,3,0.1,3,10.68,13.77,,
700,0.74,686,245,220.5,3.5,4,0.1,2,10.32,13.57,,
701,0.76,661.5,416.5,122.5,7,5,0.4,3,39.68,40.1,,
702,0.69,735,294,220.5,3.5,5,0.4,4,14.71,17.39,,
703,0.62,808.5,367.5,220.5,3.5,5,0.4,4,16.77,16.79,,
704,0.71,710.5,269.5,220.5,3.5,4,0.1,5,10.67,14.26,,
705,0.69,735,294,220.5,3.5,5,0,0,6.81,11.93,,
706,0.82,612.5,318.5,147,7,2,0.4,1,29.22,31.71,,
707,0.9,563.5,318.5,122.5,7,5,0.4,3,34.29,33.31,,
708,0.98,514.5,294,110.25,7,4,0.4,3,32.23,33.86,,
709,0.98,514.5,294,110.25,7,2,0.25,4,28.7,29.61,,
710,0.82,612.5,318.5,147,7,4,0.1,2,23.67,24.8,,
711,0.79,637,343,147,7,3,0.25,4,38.84,45.48,,
712,0.74,686,245,220.5,3.5,5,0.4,3,13.78,16.6,,
713,0.76,661.5,416.5,122.5,7,5,0,0,23.93,29.4,,
714,0.69,735,294,220.5,3.5,3,0.25,2,12.87,15.85,,
715,0.64,784,343,220.5,3.5,3,0.4,2,18.88,22.07,,
716,0.79,637,343,147,7,2,0.25,3,39.04,45.13,,
717,0.62,808.5,367.5,220.5,3.5,2,0,0,8.6,12.07,,
718,0.64,784,343,220.5,3.5,3,0,0,10.54,16.8,,
719,0.62,808.5,367.5,220.5,3.5,3,0.1,1,12.97,14.5,,
720,0.64,784,343,220.5,3.5,4,0.4,4,19,22.25,,
721,0.64,784,343,220.5,3.5,3,0.25,4,16.69,19.76,,
722,0.79,637,343,147,7,3,0,0,29.9,31.27,,
723,0.62,808.5,367.5,220.5,3.5,3,0.25,5,13.99,14.61,,
724,0.86,588,294,147,7,2,0.4,3,31.28,35.22,,
725,0.98,514.5,294,110.25,7,5,0.25,4,28.62,30.12,,
726,0.69,735,294,220.5,3.5,4,0.1,3,11.1,14.67,,
727,0.76,661.5,416.5,122.5,7,2,0.25,1,36.96,36.85,,
728,0.64,784,343,220.5,3.5,3,0.1,1,15.2,19.43,,
729,0.71,710.5,269.5,220.5,3.5,5,0.4,1,14.58,17.47,,
730,0.62,808.5,367.5,220.5,3.5,4,0.25,5,14.16,14.61,,
731,0.79,637,343,147,7,4,0.1,3,36.97,35.1,,
732,0.82,612.5,318.5,147,7,4,0.25,3,25.37,26.95,,
733,0.9,563.5,318.5,122.5,7,3,0.4,5,35.01,33.14,,
734,0.71,710.5,269.5,220.5,3.5,4,0.25,1,12.57,15.44,,
735,0.71,710.5,269.5,220.5,3.5,4,0.25,3,12.1,15.57,,
736,0.76,661.5,416.5,122.5,7,4,0.4,1,40.71,40.63,,
737,0.64,784,343,220.5,3.5,2,0.1,4,15.4,19.24,,
738,0.71,710.5,269.5,220.5,3.5,4,0.1,3,10.68,14.3,,
739,0.64,784,343,220.5,3.5,5,0.4,1,19.42,22.53,,
740,0.79,637,343,147,7,2,0.1,5,37.03,34.99,,
741,0.82,612.5,318.5,147,7,5,0.25,3,25.17,26.41,,
742,0.64,784,343,220.5,3.5,4,0.25,3,16.66,20.46,,
743,0.66,759.5,318.5,220.5,3.5,3,0.1,1,11.69,13.72,,
744,0.71,710.5,269.5,220.5,3.5,3,0.1,5,10.7,13.75,,
745,0.82,612.5,318.5,147,7,4,0.4,5,29.06,33.84,,
746,0.9,563.5,318.5,122.5,7,4,0.4,5,34.72,38.79,,
747,0.71,710.5,269.5,220.5,3.5,2,0.4,1,14.51,17.1,,
748,0.76,661.5,416.5,122.5,7,3,0.1,3,33.28,34.11,,
749,0.86,588,294,147,7,4,0.25,5,28.31,34.15,,
750,0.66,759.5,318.5,220.5,3.5,2,0.4,1,15.23,18.14,,
751,0.74,686,245,220.5,3.5,3,0.25,5,11.67,14.58,,
752,0.62,808.5,367.5,220.5,3.5,3,0.25,4,14.61,15.56,,
753,0.76,661.5,416.5,122.5,7,5,0.1,3,33.24,34.5,,
754,0.71,710.5,269.5,220.5,3.5,2,0.4,3,14.07,16.11,,
755,0.79,637,343,147,7,4,0.4,2,42.74,38.84,,
756,0.74,686,245,220.5,3.5,2,0.4,5,14.41,16.69,,
757,0.64,784,343,220.5,3.5,3,0.1,4,15.19,19.25,,
758,0.71,710.5,269.5,220.5,3.5,2,0.25,1,12.57,15.42,,
759,0.71,710.5,269.5,220.5,3.5,5,0.25,2,12.49,15.32,,
760,0.62,808.5,367.5,220.5,3.5,2,0.25,2,14.34,15.32,,
761,0.76,661.5,416.5,122.5,7,3,0.1,2,32.4,34.07,,
762,0.71,710.5,269.5,220.5,3.5,4,0.1,1,10.7,13.87,,
763,0.86,588,294,147,7,5,0.25,1,28.66,34.73,,
764,0.9,563.5,318.5,122.5,7,2,0.25,5,33.13,32.25,,
765,0.82,612.5,318.5,147,7,4,0.4,2,28.64,28.95,,
766,0.66,759.5,318.5,220.5,3.5,4,0.1,4,11.33,15,,
767,0.74,686,245,220.5,3.5,3,0.4,4,14.48,16.74,,
768,0.98,514.5,294,110.25,7,2,0,0,15.55,21.33,,